,Year,Total energy production
1960  ,474228,AL
1961  ,474778,AL
1962  ,484723,AL
1963  ,469027,AL
1964  ,541262,AL
1965  ,532429,AL
1966  ,516640,AL
1967  ,566870,AL
1968  ,577172,AL
1969  ,604552,AL
1970  ,679413,AL
1971  ,644188,AL
1972  ,736766,AL
1973  ,718192,AL
1974  ,807059,AL
1975  ,867537,AL
1976  ,845007,AL
1977  ,1056876,AL
1978  ,1096628,AL
1979  ,1218659,AL
1980  ,1332307,AL
1981  ,1276653,AL
1982  ,1420717,AL
1983  ,1343951,AL
1984  ,1435784,AL
1985  ,1320803,AL
1986  ,1211898,AL
1987  ,1223046,AL
1988  ,1262402,AL
1989  ,1360061,AL
1990  ,1341945,AL
1991  ,1376048,AL
1992  ,1484738,AL
1993  ,1484135,AL
1994  ,1637316,AL
1995  ,1649237,AL
1996  ,1740017,AL
1997  ,1708289,AL
1998  ,1672165,AL
1999  ,1577633,AL
2000  ,1538212,AL
2001  ,1483893,AL
2002  ,1485681,AL
2003  ,1520518,AL
2004  ,1543168,AL
2005  ,1501696,AL
2006  ,1412191,AL
2007  ,1406795,AL
2008  ,1481684,AL
2009  ,1448225,AL
2010  ,1429509,AL
2011  ,1410477,AL
2012  ,1443280,AL
2013  ,1477771,AL
2014  ,1366773,AL
2015  ,1265071,AL
2016  ,1116484,AL
2017  ,1227157,AL
1960  ,21554,AK
1961  ,56144,AK
1962  ,82748,AK
1963  ,87933,AK
1964  ,90198,AK
1965  ,94316,AK
1966  ,117441,AK
1967  ,206395,AK
1968  ,421679,AK
1969  ,499139,AK
1970  ,615018,AK
1971  ,603479,AK
1972  ,569655,AK
1973  ,572451,AK
1974  ,560546,AK
1975  ,589124,AK
1976  ,557284,AK
1977  ,1195269,AK
1978  ,2829135,AK
1979  ,3211020,AK
1980  ,3684570,AK
1981  ,3673128,AK
1982  ,3876802,AK
1983  ,3928071,AK
1984  ,3976402,AK
1985  ,4235177,AK
1986  ,4302636,AK
1987  ,4592698,AK
1988  ,4752822,AK
1989  ,4446809,AK
1990  ,4232243,AK
1991  ,4348221,AK
1992  ,4194115,AK
1993  ,3892714,AK
1994  ,3970248,AK
1995  ,3738081,AK
1996  ,3559488,AK
1997  ,3333397,AK
1998  ,3068632,AK
1999  ,2798849,AK
2000  ,2647192,AK
2001  ,2632078,AK
2002  ,2659615,AK
2003  ,2661422,AK
2004  ,2513924,AK
2005  ,2416187,AK
2006  ,2101391,AK
2007  ,2052850,AK
2008  ,1933836,AK
2009  ,1854325,AK
2010  ,1739474,AK
2011  ,1643302,AK
2012  ,1564474,AK
2013  ,1514153,AK
2014  ,1475225,AK
2015  ,1429955,AK
2016  ,1434186,AK
2017  ,1453518,AK
1960  ,36737,AZ
1961  ,35506,AZ
1962  ,35003,AZ
1963  ,36668,AZ
1964  ,36786,AZ
1965  ,53947,AZ
1966  ,62173,AZ
1967  ,74733,AZ
1968  ,83935,AZ
1969  ,83154,AZ
1970  ,83347,AZ
1971  ,107529,AZ
1972  ,146644,AZ
1973  ,155841,AZ
1974  ,228968,AZ
1975  ,239058,AZ
1976  ,317800,AZ
1977  ,322606,AZ
1978  ,282521,AZ
1979  ,337892,AZ
1980  ,363380,AZ
1981  ,351173,AZ
1982  ,369985,AZ
1983  ,429319,AZ
1984  ,444544,AZ
1985  ,397320,AZ
1986  ,536812,AZ
1987  ,515728,AZ
1988  ,616440,AZ
1989  ,450325,AZ
1990  ,564631,AZ
1991  ,644029,AZ
1992  ,632315,AZ
1993  ,586831,AZ
1994  ,624857,AZ
1995  ,650960,AZ
1996  ,644652,AZ
1997  ,706668,AZ
1998  ,693182,AZ
1999  ,691731,AZ
2000  ,705102,AZ
2001  ,684436,AZ
2002  ,689876,AZ
2003  ,643922,AZ
2004  ,653417,AZ
2005  ,611616,AZ
2006  ,511639,AZ
2007  ,538978,AZ
2008  ,576916,AZ
2009  ,563072,AZ
2010  ,580368,AZ
2011  ,615878,AZ
2012  ,595237,AZ
2013  ,591362,AZ
2014  ,631828,AZ
2015  ,616155,AZ
2016  ,594605,AZ
2017  ,621083,AZ
1960  ,289299,AR
1961  ,291209,AR
1962  ,282213,AR
1963  ,284502,AR
1964  ,281323,AR
1965  ,287541,AR
1966  ,303926,AR
1967  ,293088,AR
1968  ,344571,AR
1969  ,349632,AR
1970  ,355074,AR
1971  ,343114,AR
1972  ,340242,AR
1973  ,354585,AR
1974  ,316856,AR
1975  ,346928,AR
1976  ,332384,AR
1977  ,361643,AR
1978  ,372965,AR
1979  ,351545,AR
1980  ,382605,AR
1981  ,375352,AR
1982  ,400516,AR
1983  ,422558,AR
1984  ,459031,AR
1985  ,486415,AR
1986  ,416083,AR
1987  ,435320,AR
1988  ,441834,AR
1989  ,456854,AR
1990  ,468832,AR
1991  ,471492,AR
1992  ,496959,AR
1993  ,534466,AR
1994  ,514452,AR
1995  ,494519,AR
1996  ,538244,AR
1997  ,534935,AR
1998  ,492843,AR
1999  ,461693,AR
2000  ,447383,AR
2001  ,462914,AR
2002  ,469254,AR
2003  ,478374,AR
2004  ,503228,AR
2005  ,484774,AR
2006  ,572681,AR
2007  ,593919,AR
2008  ,761602,AR
2009  ,1007435,AR
2010  ,1254301,AR
2011  ,1397623,AR
2012  ,1477903,AR
2013  ,1445668,AR
2014  ,1451635,AR
2015  ,1327023,AR
2016  ,1122488,AR
2017  ,994612,AR
1960  ,2631707,CA
1961  ,2620632,CA
1962  ,2693123,CA
1963  ,2845524,CA
1964  ,2833855,CA
1965  ,3010487,CA
1966  ,3167320,CA
1967  ,3340273,CA
1968  ,3395904,CA
1969  ,3464304,CA
1970  ,3310500,CA
1971  ,3172161,CA
1972  ,2951080,CA
1973  ,2929685,CA
1974  ,2882164,CA
1975  ,2790403,CA
1976  ,2686499,CA
1977  ,2736117,CA
1978  ,2957101,CA
1979  ,2917314,CA
1980  ,2999587,CA
1981  ,3071793,CA
1982  ,3337623,CA
1983  ,3502204,CA
1984  ,3587630,CA
1985  ,3635369,CA
1986  ,3648616,CA
1987  ,3424311,CA
1988  ,3342016,CA
1989  ,3409250,CA
1990  ,3278496,CA
1991  ,3252353,CA
1992  ,3186979,CA
1993  ,3205282,CA
1994  ,2985941,CA
1995  ,3090625,CA
1996  ,3134670,CA
1997  ,3048656,CA
1998  ,3191189,CA
1999  ,3103332,CA
2000  ,3067344,CA
2001  ,2875661,CA
2002  ,2925697,CA
2003  ,2903093,CA
2004  ,2762618,CA
2005  ,2808170,CA
2006  ,2800649,CA
2007  ,2618152,CA
2008  ,2519558,CA
2009  ,2491556,CA
2010  ,2534927,CA
2011  ,2639011,CA
2012  ,2319603,CA
2013  ,2370609,CA
2014  ,2383135,CA
2015  ,2350026,CA
2016  ,2423649,CA
2017  ,2535788,CA
1960  ,481990,CO
1961  ,478734,CO
1962  ,442523,CO
1963  ,429285,CO
1964  ,432670,CO
1965  ,445930,CO
1966  ,466893,CO
1967  ,453082,CO
1968  ,449325,CO
1969  ,425758,CO
1970  ,405619,CO
1971  ,414821,CO
1972  ,451251,CO
1973  ,509701,CO
1974  ,542260,CO
1975  ,593241,CO
1976  ,642691,CO
1977  ,712105,CO
1978  ,734611,CO
1979  ,826733,CO
1980  ,836693,CO
1981  ,870202,CO
1982  ,854097,CO
1983  ,764482,CO
1984  ,796835,CO
1985  ,797273,CO
1986  ,731806,CO
1987  ,700886,CO
1988  ,787764,CO
1989  ,821590,CO
1990  ,875376,CO
1991  ,919976,CO
1992  ,976367,CO
1993  ,1115078,CO
1994  ,1236752,CO
1995  ,1336570,CO
1996  ,1344432,CO
1997  ,1468963,CO
1998  ,1550702,CO
1999  ,1566496,CO
2000  ,1584090,CO
2001  ,1734178,CO
2002  ,1924325,CO
2003  ,2026044,CO
2004  ,2191488,CO
2005  ,2243661,CO
2006  ,2287268,CO
2007  ,2356187,CO
2008  ,2462253,CO
2009  ,2491746,CO
2010  ,2555935,CO
2011  ,2742681,CO
2012  ,2915329,CO
2013  ,2829602,CO
2014  ,3056899,CO
2015  ,3194760,CO
2016  ,3066062,CO
2017  ,3221784,CO
1960  ,17406,CT
1961  ,17076,CT
1962  ,15937,CT
1963  ,16253,CT
1964  ,16703,CT
1965  ,15500,CT
1966  ,16243,CT
1967  ,24128,CT
1968  ,52598,CT
1969  ,59867,CT
1970  ,58859,CT
1971  ,104379,CT
1972  ,106643,CT
1973  ,68780,CT
1974  ,111459,CT
1975  ,111827,CT
1976  ,160076,CT
1977  ,165981,CT
1978  ,178065,CT
1979  ,167591,CT
1980  ,172842,CT
1981  ,182655,CT
1982  ,192310,CT
1983  ,174555,CT
1984  ,196037,CT
1985  ,175409,CT
1986  ,232990,CT
1987  ,245290,CT
1988  ,270312,CT
1989  ,243075,CT
1990  ,243985,CT
1991  ,163251,CT
1992  ,214533,CT
1993  ,268117,CT
1994  ,251155,CT
1995  ,243139,CT
1996  ,121439,CT
1997  ,49401,CT
1998  ,83210,CT
1999  ,181746,CT
2000  ,221252,CT
2001  ,190925,CT
2002  ,184091,CT
2003  ,198795,CT
2004  ,202659,CT
2005  ,188134,CT
2006  ,198740,CT
2007  ,195760,CT
2008  ,187557,CT
2009  ,203651,CT
2010  ,205376,CT
2011  ,197247,CT
2012  ,205700,CT
2013  ,207795,CT
2014  ,197708,CT
2015  ,214601,CT
2016  ,206151,CT
2017  ,204862,CT
1960  ,155,DC
1961  ,163,DC
1962  ,166,DC
1963  ,148,DC
1964  ,138,DC
1965  ,120,DC
1966  ,111,DC
1967  ,112,DC
1968  ,120,DC
1969  ,108,DC
1970  ,113,DC
1971  ,116,DC
1972  ,118,DC
1973  ,114,DC
1974  ,129,DC
1975  ,131,DC
1976  ,146,DC
1977  ,158,DC
1978  ,193,DC
1979  ,210,DC
1980  ,2849,DC
1981  ,2311,DC
1982  ,3654,DC
1983  ,2563,DC
1984  ,3226,DC
1985  ,3327,DC
1986  ,3047,DC
1987  ,2226,DC
1988  ,2378,DC
1989  ,2511,DC
1990  ,1283,DC
1991  ,1345,DC
1992  ,1412,DC
1993  ,1946,DC
1994  ,1849,DC
1995  ,1851,DC
1996  ,1922,DC
1997  ,1378,DC
1998  ,1222,DC
1999  ,1259,DC
2000  ,1354,DC
2001  ,866,DC
2002  ,881,DC
2003  ,926,DC
2004  ,943,DC
2005  ,47,DC
2006  ,52,DC
2007  ,55,DC
2008  ,65,DC
2009  ,49,DC
2010  ,114,DC
2011  ,290,DC
2012  ,285,DC
2013  ,305,DC
2014  ,344,DC
2015  ,824,DC
2016  ,1107,DC
2017  ,1316,DC
1960  ,4982,DE
1961  ,5101,DE
1962  ,5134,DE
1963  ,5356,DE
1964  ,5510,DE
1965  ,5577,DE
1966  ,5852,DE
1967  ,5783,DE
1968  ,6594,DE
1969  ,7073,DE
1970  ,7021,DE
1971  ,7673,DE
1972  ,8190,DE
1973  ,8483,DE
1974  ,8466,DE
1975  ,7901,DE
1976  ,9607,DE
1977  ,10161,DE
1978  ,10667,DE
1979  ,8729,DE
1980  ,2472,DE
1981  ,2006,DE
1982  ,3170,DE
1983  ,2224,DE
1984  ,2927,DE
1985  ,3019,DE
1986  ,2765,DE
1987  ,2162,DE
1988  ,2310,DE
1989  ,2516,DE
1990  ,1653,DE
1991  ,1734,DE
1992  ,1784,DE
1993  ,2492,DE
1994  ,2422,DE
1995  ,2476,DE
1996  ,2642,DE
1997  ,2203,DE
1998  ,1936,DE
1999  ,2001,DE
2000  ,2290,DE
2001  ,1325,DE
2002  ,1314,DE
2003  ,1401,DE
2004  ,1435,DE
2005  ,955,DE
2006  ,872,DE
2007  ,1531,DE
2008  ,2952,DE
2009  ,3577,DE
2010  ,3838,DE
2011  ,4172,DE
2012  ,3581,DE
2013  ,3795,DE
2014  ,4224,DE
2015  ,3516,DE
2016  ,3110,DE
2017  ,3279,DE
1960  ,37861,FL
1961  ,36626,FL
1962  ,38296,FL
1963  ,41351,FL
1964  ,42666,FL
1965  ,48552,FL
1966  ,53481,FL
1967  ,53811,FL
1968  ,58251,FL
1969  ,61596,FL
1970  ,68429,FL
1971  ,82200,FL
1972  ,172552,FL
1973  ,336589,FL
1974  ,396495,FL
1975  ,444876,FL
1976  ,475202,FL
1977  ,589490,FL
1978  ,592381,FL
1979  ,588408,FL
1980  ,590726,FL
1981  ,499530,FL
1982  ,508014,FL
1983  ,401142,FL
1984  ,477698,FL
1985  ,446518,FL
1986  ,420831,FL
1987  ,366660,FL
1988  ,450315,FL
1989  ,509630,FL
1990  ,473948,FL
1991  ,463646,FL
1992  ,536395,FL
1993  ,532995,FL
1994  ,540526,FL
1995  ,564446,FL
1996  ,553109,FL
1997  ,518076,FL
1998  ,574887,FL
1999  ,570519,FL
2000  ,567461,FL
2001  ,521390,FL
2002  ,552237,FL
2003  ,534809,FL
2004  ,526195,FL
2005  ,501932,FL
2006  ,530687,FL
2007  ,511828,FL
2008  ,544962,FL
2009  ,522490,FL
2010  ,503388,FL
2011  ,485164,FL
2012  ,423461,FL
2013  ,523059,FL
2014  ,535522,FL
2015  ,530953,FL
2016  ,541547,FL
2017  ,554439,FL
1960  ,96116,GA
1961  ,94691,GA
1962  ,96771,GA
1963  ,103171,GA
1964  ,118296,GA
1965  ,108022,GA
1966  ,109456,GA
1967  ,109475,GA
1968  ,106371,GA
1969  ,105812,GA
1970  ,98222,GA
1971  ,109007,GA
1972  ,114745,GA
1973  ,125605,GA
1974  ,122068,GA
1975  ,159348,GA
1976  ,185494,GA
1977  ,181782,GA
1978  ,187805,GA
1979  ,205226,GA
1980  ,236053,GA
1981  ,202508,GA
1982  ,217014,GA
1983  ,235880,GA
1984  ,218782,GA
1985  ,253809,GA
1986  ,218287,GA
1987  ,305371,GA
1988  ,299310,GA
1989  ,482467,GA
1990  ,497899,GA
1991  ,499665,GA
1992  ,527634,GA
1993  ,526056,GA
1994  ,543173,GA
1995  ,571269,GA
1996  ,571162,GA
1997  ,581648,GA
1998  ,585785,GA
1999  ,560061,GA
2000  ,560846,GA
2001  ,543799,GA
2002  ,608531,GA
2003  ,568266,GA
2004  ,578661,GA
2005  ,545083,GA
2006  ,541212,GA
2007  ,541916,GA
2008  ,504339,GA
2009  ,525635,GA
2010  ,571317,GA
2011  ,559146,GA
2012  ,563230,GA
2013  ,591857,GA
2014  ,608728,GA
2015  ,624337,GA
2016  ,642315,GA
2017  ,624378,GA
1960  ,292,HI
1961  ,258,HI
1962  ,214,HI
1963  ,446,HI
1964  ,1429,HI
1965  ,1265,HI
1966  ,1309,HI
1967  ,1389,HI
1968  ,1657,HI
1969  ,1773,HI
1970  ,1559,HI
1971  ,1283,HI
1972  ,1491,HI
1973  ,1528,HI
1974  ,1550,HI
1975  ,1498,HI
1976  ,1663,HI
1977  ,1355,HI
1978  ,1143,HI
1979  ,1258,HI
1980  ,12808,HI
1981  ,13571,HI
1982  ,13379,HI
1983  ,14920,HI
1984  ,15372,HI
1985  ,15307,HI
1986  ,17315,HI
1987  ,18834,HI
1988  ,20427,HI
1989  ,28875,HI
1990  ,27937,HI
1991  ,27516,HI
1992  ,26800,HI
1993  ,27829,HI
1994  ,25405,HI
1995  ,24608,HI
1996  ,24088,HI
1997  ,22502,HI
1998  ,21657,HI
1999  ,21767,HI
2000  ,20386,HI
2001  ,12389,HI
2002  ,10452,HI
2003  ,13310,HI
2004  ,13769,HI
2005  ,12937,HI
2006  ,14001,HI
2007  ,15035,HI
2008  ,15921,HI
2009  ,15815,HI
2010  ,15253,HI
2011  ,16647,HI
2012  ,18206,HI
2013  ,22392,HI
2014  ,24081,HI
2015  ,24570,HI
2016  ,27136,HI
2017  ,26432,HI
1960  ,77688,ID
1961  ,70403,ID
1962  ,73984,ID
1963  ,73227,ID
1964  ,76892,ID
1965  ,79778,ID
1966  ,81379,ID
1967  ,82252,ID
1968  ,80804,ID
1969  ,76228,ID
1970  ,85735,ID
1971  ,89445,ID
1972  ,92776,ID
1973  ,97216,ID
1974  ,111472,ID
1975  ,118011,ID
1976  ,121380,ID
1977  ,85968,ID
1978  ,119334,ID
1979  ,113729,ID
1980  ,113407,ID
1981  ,115694,ID
1982  ,137242,ID
1983  ,152250,ID
1984  ,156347,ID
1985  ,132508,ID
1986  ,146627,ID
1987  ,101722,ID
1988  ,87512,ID
1989  ,124650,ID
1990  ,119510,ID
1991  ,116020,ID
1992  ,95133,ID
1993  ,126225,ID
1994  ,106699,ID
1995  ,139907,ID
1996  ,164235,ID
1997  ,179342,ID
1998  ,160202,ID
1999  ,167747,ID
2000  ,141448,ID
2001  ,105045,ID
2002  ,113779,ID
2003  ,109553,ID
2004  ,112379,ID
2005  ,121084,ID
2006  ,146507,ID
2007  ,125621,ID
2008  ,133541,ID
2009  ,134502,ID
2010  ,133288,ID
2011  ,177643,ID
2012  ,155318,ID
2013  ,139239,ID
2014  ,155418,ID
2015  ,153695,ID
2016  ,157060,ID
2017  ,175936,ID
1960  ,1526433,IL
1961  ,1506494,IL
1962  ,1599506,IL
1963  ,1645047,IL
1964  ,1688975,IL
1965  ,1727691,IL
1966  ,1835479,IL
1967  ,1845089,IL
1968  ,1771622,IL
1969  ,1788756,IL
1970  ,1776847,IL
1971  ,1612167,IL
1972  ,1841626,IL
1973  ,1771670,IL
1974  ,1675239,IL
1975  ,1716972,IL
1976  ,1752734,IL
1977  ,1660747,IL
1978  ,1607679,IL
1979  ,1785583,IL
1980  ,1886840,IL
1981  ,1707157,IL
1982  ,1906473,IL
1983  ,1872994,IL
1984  ,2101546,IL
1985  ,2055136,IL
1986  ,2147799,IL
1987  ,2152415,IL
1988  ,2355697,IL
1989  ,2383996,IL
1990  ,2344500,IL
1991  ,2341268,IL
1992  ,2366626,IL
1993  ,1975494,IL
1994  ,2166775,IL
1995  ,2121661,IL
1996  ,1967259,IL
1997  ,1659520,IL
1998  ,1669293,IL
1999  ,1957535,IL
2000  ,1888997,IL
2001  ,1908361,IL
2002  ,1912105,IL
2003  ,1935498,IL
2004  ,1900133,IL
2005  ,1896726,IL
2006  ,1918053,IL
2007  ,1973702,IL
2008  ,2003895,IL
2009  ,2081719,IL
2010  ,2094124,IL
2011  ,2190684,IL
2012  ,2441327,IL
2013  ,2519098,IL
2014  ,2681784,IL
2015  ,2653062,IL
2016  ,2400561,IL
2017  ,2516310,IL
1960  ,441137,IN
1961  ,427978,IN
1962  ,444556,IN
1963  ,429887,IN
1964  ,424814,IN
1965  ,436816,IN
1966  ,472286,IN
1967  ,504437,IN
1968  ,491358,IN
1969  ,523314,IN
1970  ,568289,IN
1971  ,543204,IN
1972  ,645110,IN
1973  ,614098,IN
1974  ,575209,IN
1975  ,601302,IN
1976  ,611331,IN
1977  ,671646,IN
1978  ,595370,IN
1979  ,677130,IN
1980  ,756592,IN
1981  ,725449,IN
1982  ,785360,IN
1983  ,792648,IN
1984  ,914373,IN
1985  ,834936,IN
1986  ,829471,IN
1987  ,858033,IN
1988  ,798991,IN
1989  ,836262,IN
1990  ,875212,IN
1991  ,779653,IN
1992  ,758583,IN
1993  ,723408,IN
1994  ,756796,IN
1995  ,647010,IN
1996  ,720881,IN
1997  ,845617,IN
1998  ,870583,IN
1999  ,812026,IN
2000  ,678282,IN
2001  ,875593,IN
2002  ,854384,IN
2003  ,859937,IN
2004  ,854703,IN
2005  ,840792,IN
2006  ,845555,IN
2007  ,868290,IN
2008  ,942352,IN
2009  ,966316,IN
2010  ,991005,IN
2011  ,1065169,IN
2012  ,1046215,IN
2013  ,1107729,IN
2014  ,1124189,IN
2015  ,1037125,IN
2016  ,921929,IN
2017  ,979295,IN
1960  ,37943,IA
1961  ,34859,IA
1962  ,38919,IA
1963  ,38456,IA
1964  ,32894,IA
1965  ,36702,IA
1966  ,36164,IA
1967  ,32480,IA
1968  ,34337,IA
1969  ,33900,IA
1970  ,36465,IA
1971  ,35516,IA
1972  ,34811,IA
1973  ,27988,IA
1974  ,43130,IA
1975  ,54089,IA
1976  ,54929,IA
1977  ,58106,IA
1978  ,41336,IA
1979  ,62098,IA
1980  ,96795,IA
1981  ,104262,IA
1982  ,102947,IA
1983  ,105350,IA
1984  ,117185,IA
1985  ,110943,IA
1986  ,148713,IA
1987  ,154433,IA
1988  ,163135,IA
1989  ,133347,IA
1990  ,128088,IA
1991  ,142166,IA
1992  ,141569,IA
1993  ,143683,IA
1994  ,157845,IA
1995  ,152311,IA
1996  ,160933,IA
1997  ,153720,IA
1998  ,147502,IA
1999  ,152225,IA
2000  ,155811,IA
2001  ,145163,IA
2002  ,160968,IA
2003  ,175690,IA
2004  ,224160,IA
2005  ,259924,IA
2006  ,316592,IA
2007  ,380265,IA
2008  ,454058,IA
2009  ,585769,IA
2010  ,674544,IA
2011  ,690105,IA
2012  ,678550,IA
2013  ,730564,IA
2014  ,754960,IA
2015  ,771045,IA
2016  ,804689,IA
2017  ,835071,IA
1960  ,1359873,KS
1961  ,1363502,KS
1962  ,1416145,KS
1963  ,1445760,KS
1964  ,1468850,KS
1965  ,1487758,KS
1966  ,1535913,KS
1967  ,1535900,KS
1968  ,1472627,KS
1969  ,1490763,KS
1970  ,1493474,KS
1971  ,1437972,KS
1972  ,1419790,KS
1973  ,1371822,KS
1974  ,1326950,KS
1975  ,1259964,KS
1976  ,1242018,KS
1977  ,1195359,KS
1978  ,1270377,KS
1979  ,1216049,KS
1980  ,1175659,KS
1981  ,1118860,KS
1982  ,930711,KS
1983  ,949490,KS
1984  ,1006534,KS
1985  ,1088348,KS
1986  ,1029975,KS
1987  ,1016377,KS
1988  ,1085945,KS
1989  ,1109687,KS
1990  ,1060693,KS
1991  ,1120060,KS
1992  ,1143387,KS
1993  ,1144542,KS
1994  ,1169848,KS
1995  ,1181612,KS
1996  ,1132218,KS
1997  ,1086108,KS
1998  ,1004103,KS
1999  ,908969,KS
2000  ,906013,KS
2001  ,866244,KS
2002  ,836858,KS
2003  ,799242,KS
2004  ,788950,KS
2005  ,754158,KS
2006  ,778155,KS
2007  ,794130,KS
2008  ,836439,KS
2009  ,815669,KS
2010  ,812010,KS
2011  ,780572,KS
2012  ,791979,KS
2013  ,829185,KS
2014  ,880528,KS
2015  ,853208,KS
2016  ,792335,KS
2017  ,815475,KS
1960  ,1846574,KY
1961  ,1730652,KY
1962  ,1874016,KY
1963  ,2072415,KY
1964  ,2214551,KY
1965  ,2288081,KY
1966  ,2454270,KY
1967  ,2634799,KY
1968  ,2637787,KY
1969  ,2817467,KY
1970  ,3231395,KY
1971  ,3077575,KY
1972  ,3108436,KY
1973  ,3247880,KY
1974  ,3442201,KY
1975  ,3620395,KY
1976  ,3665989,KY
1977  ,3684669,KY
1978  ,3450463,KY
1979  ,3820884,KY
1980  ,3863922,KY
1981  ,4125988,KY
1982  ,3936511,KY
1983  ,3453808,KY
1984  ,4190727,KY
1985  ,4032072,KY
1986  ,4068328,KY
1987  ,4321937,KY
1988  ,4180229,KY
1989  ,4402357,KY
1990  ,4578095,KY
1991  ,4229953,KY
1992  ,4290983,KY
1993  ,4132254,KY
1994  ,4268629,KY
1995  ,4067394,KY
1996  ,4025955,KY
1997  ,4092902,KY
1998  ,3981364,KY
1999  ,3640123,KY
2000  ,3413474,KY
2001  ,3484288,KY
2002  ,3271650,KY
2003  ,2983015,KY
2004  ,3030049,KY
2005  ,3153341,KY
2006  ,3177257,KY
2007  ,3044505,KY
2008  ,3122441,KY
2009  ,2822879,KY
2010  ,2785861,KY
2011  ,2844792,KY
2012  ,2393341,KY
2013  ,2137438,KY
2014  ,2068231,KY
2015  ,1682416,KY
2016  ,1230828,KY
2017  ,1212860,KY
1960  ,5066112,LA
1961  ,5366296,LA
1962  ,5692599,LA
1963  ,6118492,LA
1964  ,6408290,LA
1965  ,6733987,LA
1966  ,7409292,LA
1967  ,8238870,LA
1968  ,8654093,LA
1969  ,9097934,LA
1970  ,9358093,LA
1971  ,9224533,LA
1972  ,8617101,LA
1973  ,8276311,LA
1974  ,7226422,LA
1975  ,6162377,LA
1976  ,5705547,LA
1977  ,5432860,LA
1978  ,5315113,LA
1979  ,4773172,LA
1980  ,4403760,LA
1981  ,4152387,LA
1982  ,3786731,LA
1983  ,3422307,LA
1984  ,3537172,LA
1985  ,3166360,LA
1986  ,3377900,LA
1987  ,3290383,LA
1988  ,3282121,LA
1989  ,3165107,LA
1990  ,3137054,LA
1991  ,3092042,LA
1992  ,3046772,LA
1993  ,3082236,LA
1994  ,3027591,LA
1995  ,3054780,LA
1996  ,3048163,LA
1997  ,3016881,LA
1998  ,3018040,LA
1999  ,2904411,LA
2000  ,2750023,LA
2001  ,2766360,LA
2002  ,2565822,LA
2003  ,2492702,LA
2004  ,2508287,LA
2005  ,2327276,LA
2006  ,2380540,LA
2007  ,2395661,LA
2008  ,2307005,LA
2009  ,2463645,LA
2010  ,3172021,LA
2011  ,3971537,LA
2012  ,3787716,LA
2013  ,3222275,LA
2014  ,2836513,LA
2015  ,2619212,LA
2016  ,2591562,LA
2017  ,2956553,LA
1960  ,59784,ME
1961  ,56575,ME
1962  ,55672,ME
1963  ,58874,ME
1964  ,55936,ME
1965  ,51675,ME
1966  ,55812,ME
1967  ,58337,ME
1968  ,59840,ME
1969  ,61658,ME
1970  ,59420,ME
1971  ,55423,ME
1972  ,60468,ME
1973  ,101187,ME
1974  ,104156,ME
1975  ,110009,ME
1976  ,135595,ME
1977  ,128075,ME
1978  ,133471,ME
1979  ,125825,ME
1980  ,169165,ME
1981  ,187270,ME
1982  ,177007,ME
1983  ,202740,ME
1984  ,194880,ME
1985  ,192916,ME
1986  ,188803,ME
1987  ,158593,ME
1988  ,171221,ME
1989  ,227889,ME
1990  ,203066,ME
1991  ,222937,ME
1992  ,215139,ME
1993  ,218444,ME
1994  ,226053,ME
1995  ,162961,ME
1996  ,220384,ME
1997  ,161828,ME
1998  ,151240,ME
1999  ,159186,ME
2000  ,163025,ME
2001  ,146146,ME
2002  ,140385,ME
2003  ,132344,ME
2004  ,136769,ME
2005  ,159674,ME
2006  ,152339,ME
2007  ,155620,ME
2008  ,182576,ME
2009  ,148204,ME
2010  ,158991,ME
2011  ,161551,ME
2012  ,157320,ME
2013  ,161662,ME
2014  ,157402,ME
2015  ,161374,ME
2016  ,142003,ME
2017  ,152720,ME
1960  ,61535,MD
1961  ,58541,MD
1962  ,59310,MD
1963  ,66539,MD
1964  ,67606,MD
1965  ,70063,MD
1966  ,73745,MD
1967  ,83166,MD
1968  ,85262,MD
1969  ,81141,MD
1970  ,93491,MD
1971  ,91095,MD
1972  ,97878,MD
1973  ,95857,MD
1974  ,103837,MD
1975  ,163326,MD
1976  ,192894,MD
1977  ,247182,MD
1978  ,237373,MD
1979  ,233867,MD
1980  ,254802,MD
1981  ,279835,MD
1982  ,260009,MD
1983  ,258561,MD
1984  ,287066,MD
1985  ,235288,MD
1986  ,288028,MD
1987  ,252004,MD
1988  ,252736,MD
1989  ,168772,MD
1990  ,151816,MD
1991  ,231863,MD
1992  ,242324,MD
1993  ,263240,MD
1994  ,263335,MD
1995  ,281907,MD
1996  ,296228,MD
1997  ,295315,MD
1998  ,292575,MD
1999  ,284199,MD
2000  ,308712,MD
2001  ,287582,MD
2002  ,290409,MD
2003  ,321479,MD
2004  ,334633,MD
2005  ,323805,MD
2006  ,312135,MD
2007  ,245180,MD
2008  ,263722,MD
2009  ,254086,MD
2010  ,253736,MD
2011  ,274238,MD
2012  ,245278,MD
2013  ,247890,MD
2014  ,249398,MD
2015  ,246380,MD
2016  ,240542,MD
2017  ,256288,MD
1960  ,53748,MA
1961  ,62700,MA
1962  ,61608,MA
1963  ,63943,MA
1964  ,68314,MA
1965  ,67043,MA
1966  ,70690,MA
1967  ,72890,MA
1968  ,75857,MA
1969  ,77225,MA
1970  ,78316,MA
1971  ,76801,MA
1972  ,75482,MA
1973  ,112330,MA
1974  ,89155,MA
1975  ,94961,MA
1976  ,100977,MA
1977  ,102928,MA
1978  ,128621,MA
1979  ,140410,MA
1980  ,107750,MA
1981  ,120930,MA
1982  ,112852,MA
1983  ,144711,MA
1984  ,76253,MA
1985  ,130594,MA
1986  ,95246,MA
1987  ,72141,MA
1988  ,73676,MA
1989  ,98739,MA
1990  ,118909,MA
1991  ,112886,MA
1992  ,118086,MA
1993  ,115323,MA
1994  ,113806,MA
1995  ,119680,MA
1996  ,134355,MA
1997  ,117549,MA
1998  ,126195,MA
1999  ,112386,MA
2000  ,126950,MA
2001  ,101717,MA
2002  ,106960,MA
2003  ,102219,MA
2004  ,113000,MA
2005  ,97935,MA
2006  ,106389,MA
2007  ,91941,MA
2008  ,104076,MA
2009  ,105771,MA
2010  ,112494,MA
2011  ,106319,MA
2012  ,111358,MA
2013  ,102257,MA
2014  ,122535,MA
2015  ,114986,MA
2016  ,122248,MA
2017  ,125236,MA
1960  ,174401,MI
1961  ,195593,MI
1962  ,185196,MI
1963  ,181945,MI
1964  ,180593,MI
1965  ,181789,MI
1966  ,181485,MI
1967  ,178891,MI
1968  ,181331,MI
1969  ,172045,MI
1970  ,169386,MI
1971  ,156608,MI
1972  ,192480,MI
1973  ,212118,MI
1974  ,232514,MI
1975  ,376031,MI
1976  ,469239,MI
1977  ,505203,MI
1978  ,581915,MI
1979  ,627865,MI
1980  ,661703,MI
1981  ,666603,MI
1982  ,636051,MI
1983  ,644039,MI
1984  ,608173,MI
1985  ,564475,MI
1986  ,541400,MI
1987  ,581425,MI
1988  ,610786,MI
1989  ,640965,MI
1990  ,632372,MI
1991  ,705115,MI
1992  ,609576,MI
1993  ,701882,MI
1994  ,559940,MI
1995  ,682297,MI
1996  ,726834,MI
1997  ,722940,MI
1998  ,582380,MI
1999  ,597923,MI
2000  ,665202,MI
2001  ,704239,MI
2002  ,741478,MI
2003  ,681140,MI
2004  ,733782,MI
2005  ,763437,MI
2006  ,726250,MI
2007  ,770508,MI
2008  ,672866,MI
2009  ,556050,MI
2010  ,634741,MI
2011  ,690405,MI
2012  ,633170,MI
2013  ,660825,MI
2014  ,692215,MI
2015  ,680300,MI
2016  ,685253,MI
2017  ,701528,MI
1960  ,34957,MN
1961  ,32478,MN
1962  ,34382,MN
1963  ,32337,MN
1964  ,33879,MN
1965  ,36480,MN
1966  ,36529,MN
1967  ,34010,MN
1968  ,33994,MN
1969  ,34190,MN
1970  ,32822,MN
1971  ,48874,MN
1972  ,74100,MN
1973  ,72106,MN
1974  ,84593,MN
1975  ,144321,MN
1976  ,145114,MN
1977  ,156936,MN
1978  ,177059,MN
1979  ,179093,MN
1980  ,164168,MN
1981  ,168952,MN
1982  ,171841,MN
1983  ,190814,MN
1984  ,156306,MN
1985  ,189395,MN
1986  ,180757,MN
1987  ,179556,MN
1988  ,190489,MN
1989  ,179176,MN
1990  ,188338,MN
1991  ,189670,MN
1992  ,186426,MN
1993  ,196006,MN
1994  ,199866,MN
1995  ,215245,MN
1996  ,207547,MN
1997  ,197048,MN
1998  ,202676,MN
1999  ,234564,MN
2000  ,238587,MN
2001  ,232063,MN
2002  ,250113,MN
2003  ,253551,MN
2004  ,264134,MN
2005  ,274338,MN
2006  ,294737,MN
2007  ,316669,MN
2008  ,350936,MN
2009  ,388201,MN
2010  ,435729,MN
2011  ,431447,MN
2012  ,427355,MN
2013  ,411192,MN
2014  ,471129,MN
2015  ,463259,MN
2016  ,488894,MN
2017  ,505196,MN
1960  ,525949,MS
1961  ,542470,MS
1962  ,545190,MS
1963  ,563334,MS
1964  ,556744,MS
1965  ,537412,MS
1966  ,521326,MS
1967  ,511035,MS
1968  ,516649,MS
1969  ,544165,MS
1970  ,542511,MS
1971  ,528345,MS
1972  ,495255,MS
1973  ,461159,MS
1974  ,407660,MS
1975  ,378461,MS
1976  ,375246,MS
1977  ,371398,MS
1978  ,390886,MS
1979  ,403546,MS
1980  ,427539,MS
1981  ,426710,MS
1982  ,409682,MS
1983  ,383837,MS
1984  ,406004,MS
1985  ,423587,MS
1986  ,411509,MS
1987  ,431969,MS
1988  ,436342,MS
1989  ,424510,MS
1990  ,418688,MS
1991  ,454192,MS
1992  ,419139,MS
1993  ,389800,MS
1994  ,378302,MS
1995  ,392487,MS
1996  ,402677,MS
1997  ,431179,MS
1998  ,402163,MS
1999  ,380835,MS
2000  ,421004,MS
2001  ,415224,MS
2002  ,436130,MS
2003  ,465910,MS
2004  ,403362,MS
2005  ,384286,MS
2006  ,395835,MS
2007  ,413088,MS
2008  ,417510,MS
2009  ,455082,MS
2010  ,450154,MS
2011  ,442987,MS
2012  ,391985,MS
2013  ,412368,MS
2014  ,405038,MS
2015  ,418825,MS
2016  ,331911,MS
2017  ,317540,MS
1960  ,102979,MO
1961  ,107617,MO
1962  ,101804,MO
1963  ,100752,MO
1964  ,100407,MO
1965  ,111172,MO
1966  ,109212,MO
1967  ,110162,MO
1968  ,107156,MO
1969  ,109822,MO
1970  ,127720,MO
1971  ,116039,MO
1972  ,125813,MO
1973  ,134779,MO
1974  ,133820,MO
1975  ,147975,MO
1976  ,156456,MO
1977  ,163233,MO
1978  ,161424,MO
1979  ,183840,MO
1980  ,140305,MO
1981  ,130685,MO
1982  ,154537,MO
1983  ,147337,MO
1984  ,196579,MO
1985  ,263026,MO
1986  ,222511,MO
1987  ,195604,MO
1988  ,226732,MO
1989  ,196194,MO
1990  ,182406,MO
1991  ,184541,MO
1992  ,181313,MO
1993  ,152953,MO
1994  ,160243,MO
1995  ,136093,MO
1996  ,140546,MO
1997  ,134144,MO
1998  ,135540,MO
1999  ,131382,MO
2000  ,135904,MO
2001  ,129033,MO
2002  ,128691,MO
2003  ,144576,MO
2004  ,135395,MO
2005  ,149612,MO
2006  ,157085,MO
2007  ,164647,MO
2008  ,185704,MO
2009  ,211100,MO
2010  ,205191,MO
2011  ,201735,MO
2012  ,204144,MO
2013  ,191278,MO
2014  ,199073,MO
2015  ,199430,MO
2016  ,186677,MO
2017  ,183478,MO
1960  ,289650,MT
1961  ,301722,MT
1962  ,299992,MT
1963  ,290401,MT
1964  ,292500,MT
1965  ,324692,MT
1966  ,338583,MT
1967  ,337529,MT
1968  ,413369,MT
1969  ,427250,MT
1970  ,429121,MT
1971  ,469214,MT
1972  ,483890,MT
1973  ,537139,MT
1974  ,620802,MT
1975  ,742709,MT
1976  ,842109,MT
1977  ,823091,MT
1978  ,832736,MT
1979  ,934006,MT
1980  ,876248,MT
1981  ,974501,MT
1982  ,864922,MT
1983  ,883944,MT
1984  ,948809,MT
1985  ,946257,MT
1986  ,949524,MT
1987  ,923391,MT
1988  ,988082,MT
1989  ,964479,MT
1990  ,970497,MT
1991  ,999727,MT
1992  ,963801,MT
1993  ,916242,MT
1994  ,995606,MT
1995  ,989183,MT
1996  ,993475,MT
1997  ,1038139,MT
1998  ,1056741,MT
1999  ,1048860,MT
2000  ,972180,MT
2001  ,964995,MT
2002  ,972017,MT
2003  ,967873,MT
2004  ,1066702,MT
2005  ,1145000,MT
2006  ,1204617,MT
2007  ,1219473,MT
2008  ,1217278,MT
2009  ,1080859,MT
2010  ,1149362,MT
2011  ,1104781,MT
2012  ,1009005,MT
2013  ,1105493,MT
2014  ,1161407,MT
2015  ,1090443,MT
2016  ,885716,MT
2017  ,929813,MT
1960  ,169333,NE
1961  ,172458,NE
1962  ,174642,NE
1963  ,155951,NE
1964  ,137695,NE
1965  ,125804,NE
1966  ,106128,NE
1967  ,101261,NE
1968  ,100617,NE
1969  ,92865,NE
1970  ,89325,NE
1971  ,78787,NE
1972  ,71774,NE
1973  ,70110,NE
1974  ,102427,NE
1975  ,119118,NE
1976  ,119500,NE
1977  ,134159,NE
1978  ,137761,NE
1979  ,149655,NE
1980  ,121789,NE
1981  ,125301,NE
1982  ,158247,NE
1983  ,125646,NE
1984  ,123800,NE
1985  ,110034,NE
1986  ,149578,NE
1987  ,150132,NE
1988  ,129818,NE
1989  ,142874,NE
1990  ,132716,NE
1991  ,136602,NE
1992  ,144130,NE
1993  ,124099,NE
1994  ,122992,NE
1995  ,149767,NE
1996  ,175084,NE
1997  ,180676,NE
1998  ,171329,NE
1999  ,190064,NE
2000  ,175822,NE
2001  ,179455,NE
2002  ,193440,NE
2003  ,174732,NE
2004  ,214447,NE
2005  ,201838,NE
2006  ,211636,NE
2007  ,260719,NE
2008  ,292823,NE
2009  ,293256,NE
2010  ,400410,NE
2011  ,391236,NE
2012  ,357475,NE
2013  ,370555,NE
2014  ,412181,NE
2015  ,436127,NE
2016  ,434952,NE
2017  ,444344,NE
1960  ,22267,NV
1961  ,20439,NV
1962  ,22551,NV
1963  ,20488,NV
1964  ,19321,NV
1965  ,18756,NV
1966  ,21412,NV
1967  ,20603,NV
1968  ,20714,NV
1969  ,20064,NV
1970  ,19186,NV
1971  ,19307,NV
1972  ,17854,NV
1973  ,18913,NV
1974  ,18511,NV
1975  ,19494,NV
1976  ,18287,NV
1977  ,22215,NV
1978  ,25685,NV
1979  ,26967,NV
1980  ,32507,NV
1981  ,25854,NV
1982  ,22265,NV
1983  ,51890,NV
1984  ,74118,NV
1985  ,67608,NV
1986  ,68958,NV
1987  ,46549,NV
1988  ,42653,NV
1989  ,48889,NV
1990  ,52932,NV
1991  ,58812,NV
1992  ,58440,NV
1993  ,51512,NV
1994  ,48955,NV
1995  ,48123,NV
1996  ,49257,NV
1997  ,53973,NV
1998  ,57758,NV
1999  ,53084,NV
2000  ,48346,NV
2001  ,46737,NV
2002  ,42636,NV
2003  ,36445,NV
2004  ,37013,NV
2005  ,37073,NV
2006  ,40791,NV
2007  ,40066,NV
2008  ,40387,NV
2009  ,49256,NV
2010  ,51398,NV
2011  ,52602,NV
2012  ,58695,NV
2013  ,68432,NV
2014  ,69311,NV
2015  ,76977,NV
2016  ,90185,NV
2017  ,99826,NV
1960  ,25629,NH
1961  ,23327,NH
1962  ,25119,NH
1963  ,24450,NH
1964  ,23707,NH
1965  ,22019,NH
1966  ,24343,NH
1967  ,24089,NH
1968  ,25155,NH
1969  ,27816,NH
1970  ,25321,NH
1971  ,24733,NH
1972  ,26131,NH
1973  ,30671,NH
1974  ,28694,NH
1975  ,25853,NH
1976  ,31050,NH
1977  ,31271,NH
1978  ,31004,NH
1979  ,33548,NH
1980  ,32382,NH
1981  ,36067,NH
1982  ,33759,NH
1983  ,38209,NH
1984  ,35004,NH
1985  ,33807,NH
1986  ,38742,NH
1987  ,34985,NH
1988  ,36549,NH
1989  ,40566,NH
1990  ,90006,NH
1991  ,112058,NH
1992  ,124603,NH
1993  ,137475,NH
1994  ,105198,NH
1995  ,127522,NH
1996  ,151032,NH
1997  ,126018,NH
1998  ,128574,NH
1999  ,129573,NH
2000  ,121237,NH
2001  ,120964,NH
2002  ,125950,NH
2003  ,126527,NH
2004  ,141054,NH
2005  ,139970,NH
2006  ,131170,NH
2007  ,147707,NH
2008  ,137613,NH
2009  ,137581,NH
2010  ,159178,NH
2011  ,133641,NH
2012  ,130288,NH
2013  ,166870,NH
2014  ,161702,NH
2015  ,160266,NH
2016  ,168514,NH
2017  ,163764,NH
1960  ,20514,NJ
1961  ,20749,NJ
1962  ,21199,NJ
1963  ,23397,NJ
1964  ,23947,NJ
1965  ,23693,NJ
1966  ,23570,NJ
1967  ,23695,NJ
1968  ,24678,NJ
1969  ,26536,NJ
1970  ,63823,NJ
1971  ,68077,NJ
1972  ,76562,NJ
1973  ,69377,NJ
1974  ,74097,NJ
1975  ,65594,NJ
1976  ,77679,NJ
1977  ,113451,NJ
1978  ,131035,NJ
1979  ,115019,NJ
1980  ,131576,NJ
1981  ,183186,NJ
1982  ,204666,NJ
1983  ,129314,NJ
1984  ,109641,NJ
1985  ,238434,NJ
1986  ,197788,NJ
1987  ,275599,NJ
1988  ,295141,NJ
1989  ,278624,NJ
1990  ,277678,NJ
1991  ,296063,NJ
1992  ,264742,NJ
1993  ,298894,NJ
1994  ,272754,NJ
1995  ,219821,NJ
1996  ,157084,NJ
1997  ,185270,NJ
1998  ,323497,NJ
1999  ,342641,NJ
2000  ,338364,NJ
2001  ,347250,NJ
2002  ,351001,NJ
2003  ,336347,NJ
2004  ,309505,NJ
2005  ,347247,NJ
2006  ,361601,NJ
2007  ,356176,NJ
2008  ,359682,NJ
2009  ,392900,NJ
2010  ,379818,NJ
2011  ,390533,NJ
2012  ,390589,NJ
2013  ,398329,NJ
2014  ,383621,NJ
2015  ,391862,NJ
2016  ,357882,NJ
2017  ,403935,NJ
1960  ,1559912,NM
1961  ,1580949,NM
1962  ,1584350,NM
1963  ,1615658,NM
1964  ,1738766,NM
1965  ,1841501,NM
1966  ,1932434,NM
1967  ,2037012,NM
1968  ,2162190,NM
1969  ,2155451,NM
1970  ,2204308,NM
1971  ,2201402,NM
1972  ,2210437,NM
1973  ,2148800,NM
1974  ,2159761,NM
1975  ,2100939,NM
1976  ,2116862,NM
1977  ,2096678,NM
1978  ,2077754,NM
1979  ,2136502,NM
1980  ,2111910,NM
1981  ,2079811,NM
1982  ,1934869,NM
1983  ,1850356,NM
1984  ,1968444,NM
1985  ,1946237,NM
1986  ,1690121,NM
1987  ,1770124,NM
1988  ,1773260,NM
1989  ,1843186,NM
1990  ,1973469,NM
1991  ,2006033,NM
1992  ,2306066,NM
1993  ,2532532,NM
1994  ,2619921,NM
1995  ,2679395,NM
1996  ,2589149,NM
1997  ,2659628,NM
1998  ,2587527,NM
1999  ,2566994,NM
2000  ,2718824,NM
2001  ,2770329,NM
2002  ,2707462,NM
2003  ,2686076,NM
2004  ,2725571,NM
2005  ,2742669,NM
2006  ,2639850,NM
2007  ,2522342,NM
2008  ,2469018,NM
2009  ,2401551,NM
2010  ,2249407,NM
2011  ,2255005,NM
2012  ,2310329,NM
2013  ,2367466,NM
2014  ,2564972,NM
2015  ,2676854,NM
2016  ,2561670,NM
2017  ,2805037,NM
1960  ,204924,NY
1961  ,266311,NY
1962  ,292252,NY
1963  ,280859,NY
1964  ,266024,NY
1965  ,284204,NY
1966  ,310674,NY
1967  ,330339,NY
1968  ,346053,NY
1969  ,365937,NY
1970  ,382753,NY
1971  ,406058,NY
1972  ,427421,NY
1973  ,453762,NY
1974  ,476780,NY
1975  ,512104,NY
1976  ,555822,NY
1977  ,579470,NY
1978  ,611301,NY
1979  ,590397,NY
1980  ,635743,NY
1981  ,627581,NY
1982  ,578391,NY
1983  ,637603,NY
1984  ,670047,NY
1985  ,710139,NY
1986  ,698546,NY
1987  ,670002,NY
1988  ,649352,NY
1989  ,644729,NY
1990  ,669113,NY
1991  ,703196,NY
1992  ,674567,NY
1993  ,727483,NY
1994  ,737536,NY
1995  ,688659,NY
1996  ,829662,NY
1997  ,819672,NY
1998  ,805750,NY
1999  ,823741,NY
2000  ,777275,NY
2001  ,802149,NY
2002  ,816260,NY
2003  ,819274,NY
2004  ,830909,NY
2005  ,866209,NY
2006  ,878199,NY
2007  ,867430,NY
2008  ,904372,NY
2009  ,872421,NY
2010  ,843311,NY
2011  ,885052,NY
2012  ,820823,NY
2013  ,876024,NY
2014  ,874253,NY
2015  ,898335,NY
2016  ,864762,NY
2017  ,904503,NY
1960  ,127507,NC
1961  ,120692,NC
1962  ,127402,NC
1963  ,116481,NC
1964  ,131745,NC
1965  ,123608,NC
1966  ,114335,NC
1967  ,118616,NC
1968  ,117146,NC
1969  ,119495,NC
1970  ,111796,NC
1971  ,128148,NC
1972  ,135756,NC
1973  ,142789,NC
1974  ,139607,NC
1975  ,155305,NC
1976  ,164716,NC
1977  ,207562,NC
1978  ,267673,NC
1979  ,265719,NC
1980  ,198907,NC
1981  ,177049,NC
1982  ,244359,NC
1983  ,284453,NC
1984  ,379256,NC
1985  ,341806,NC
1986  ,328722,NC
1987  ,433531,NC
1988  ,424322,NC
1989  ,476814,NC
1990  ,442851,NC
1991  ,455078,NC
1992  ,397954,NC
1993  ,406871,NC
1994  ,524888,NC
1995  ,546020,NC
1996  ,525514,NC
1997  ,505382,NC
1998  ,566450,NC
1999  ,531852,NC
2000  ,544289,NC
2001  ,521833,NC
2002  ,539009,NC
2003  ,607883,NC
2004  ,557860,NC
2005  ,562525,NC
2006  ,553642,NC
2007  ,532719,NC
2008  ,558445,NC
2009  ,575727,NC
2010  ,583106,NC
2011  ,579675,NC
2012  ,565513,NC
2013  ,612150,NC
2014  ,601845,NC
2015  ,610000,NC
2016  ,646656,NC
2017  ,661069,NC
1960  ,197482,ND
1961  ,214074,ND
1962  ,228148,ND
1963  ,234556,ND
1964  ,248276,ND
1965  ,260755,ND
1966  ,283877,ND
1967  ,282387,ND
1968  ,282931,ND
1969  ,267419,ND
1970  ,276097,ND
1971  ,281805,ND
1972  ,279133,ND
1973  ,270583,ND
1974  ,280191,ND
1975  ,294297,ND
1976  ,341548,ND
1977  ,347530,ND
1978  ,395174,ND
1979  ,432337,ND
1980  ,538858,ND
1981  ,582456,ND
1982  ,606771,ND
1983  ,660963,ND
1984  ,710853,ND
1985  ,767860,ND
1986  ,700625,ND
1987  ,675224,ND
1988  ,717548,ND
1989  ,691045,ND
1990  ,689546,ND
1991  ,686743,ND
1992  ,695643,ND
1993  ,690884,ND
1994  ,679072,ND
1995  ,658546,ND
1996  ,678845,ND
1997  ,700187,ND
1998  ,692435,ND
1999  ,696195,ND
2000  ,690734,ND
2001  ,671263,ND
2002  ,673055,ND
2003  ,667207,ND
2004  ,667969,ND
2005  ,690744,ND
2006  ,724558,ND
2007  ,762433,ND
2008  ,870619,ND
2009  ,1014560,ND
2010  ,1250915,ND
2011  ,1515114,ND
2012  ,2130546,ND
2013  ,2623263,ND
2014  ,3253730,ND
2015  ,3670409,ND
2016  ,3489801,ND
2017  ,3691420,ND
1960  ,901866,OH
1961  ,862418,OH
1962  ,909007,OH
1963  ,973973,OH
1964  ,1043677,OH
1965  ,1074454,OH
1966  ,1165689,OH
1967  ,1219004,OH
1968  ,1285783,OH
1969  ,1361204,OH
1970  ,1453233,OH
1971  ,1379916,OH
1972  ,1386992,OH
1973  ,1225255,OH
1974  ,1192547,OH
1975  ,1208179,OH
1976  ,1228613,OH
1977  ,1283144,OH
1978  ,1195158,OH
1979  ,1278865,OH
1980  ,1227811,OH
1981  ,1234539,OH
1982  ,1220791,OH
1983  ,1218392,OH
1984  ,1372227,OH
1985  ,1259636,OH
1986  ,1241913,OH
1987  ,1285494,OH
1988  ,1257327,OH
1989  ,1254402,OH
1990  ,1232801,OH
1991  ,1163958,OH
1992  ,1155351,OH
1993  ,1035810,OH
1994  ,1094231,OH
1995  ,1048593,OH
1996  ,1072325,OH
1997  ,1095986,OH
1998  ,1057204,OH
1999  ,925530,OH
2000  ,930383,OH
2001  ,951065,OH
2002  ,799350,OH
2003  ,805660,OH
2004  ,914358,OH
2005  ,935375,OH
2006  ,910333,OH
2007  ,898873,OH
2008  ,1045778,OH
2009  ,1044886,OH
2010  ,1040715,OH
2011  ,1074186,OH
2012  ,1071373,OH
2013  ,1152146,OH
2014  ,1549172,OH
2015  ,2077313,OH
2016  ,2406998,OH
2017  ,2669565,OH
1960  ,2070971,OK
1961  ,2141281,OK
1962  ,2377671,OK
1963  ,2555331,OK
1964  ,2657603,OK
1965  ,2663797,OK
1966  ,2814450,OK
1967  ,2917190,OK
1968  ,2867279,OK
1969  ,3041259,OK
1970  ,3122044,OK
1971  ,3150656,OK
1972  ,3260773,OK
1973  ,3127994,OK
1974  ,2932725,OK
1975  ,2785353,OK
1976  ,2890693,OK
1977  ,2990849,OK
1978  ,2967011,OK
1979  ,3000736,OK
1980  ,3099162,OK
1981  ,3284999,OK
1982  ,3249766,OK
1983  ,3048113,OK
1984  ,3380620,OK
1985  ,3292100,OK
1986  ,3178237,OK
1987  ,3205980,OK
1988  ,3260284,OK
1989  ,3233104,OK
1990  ,3224919,OK
1991  ,3083787,OK
1992  ,2923945,OK
1993  ,2937860,OK
1994  ,2779249,OK
1995  ,2609943,OK
1996  ,2523044,OK
1997  ,2451349,OK
1998  ,2383497,OK
1999  ,2275708,OK
2000  ,2273699,OK
2001  ,2290335,OK
2002  ,2216537,OK
2003  ,2179599,OK
2004  ,2313524,OK
2005  ,2280774,OK
2006  ,2346405,OK
2007  ,2452231,OK
2008  ,2593696,OK
2009  ,2599683,OK
2010  ,2574628,OK
2011  ,2720145,OK
2012  ,2984393,OK
2013  ,3136492,OK
2014  ,3661502,OK
2015  ,4034873,OK
2016  ,4008936,OK
2017  ,4159892,OK
1960  ,190489,OR
1961  ,188915,OR
1962  ,197646,OR
1963  ,199225,OR
1964  ,215793,OR
1965  ,230410,OR
1966  ,232649,OR
1967  ,243110,OR
1968  ,271743,OR
1969  ,350230,OR
1970  ,371350,OR
1971  ,419311,OR
1972  ,435930,OR
1973  ,351043,OR
1974  ,432867,OR
1975  ,417411,OR
1976  ,457596,OR
1977  ,397686,OR
1978  ,425750,OR
1979  ,436189,OR
1980  ,459978,OR
1981  ,499664,OR
1982  ,614175,OR
1983  ,614386,OR
1984  ,644766,OR
1985  ,607232,OR
1986  ,612360,OR
1987  ,526399,OR
1988  ,541864,OR
1989  ,540346,OR
1990  ,554563,OR
1991  ,502821,OR
1992  ,424764,OR
1993  ,418080,OR
1994  ,371346,OR
1995  ,469164,OR
1996  ,518947,OR
1997  ,531821,OR
1998  ,455462,OR
1999  ,511188,OR
2000  ,437913,OR
2001  ,351088,OR
2002  ,401491,OR
2003  ,385219,OR
2004  ,385096,OR
2005  ,364534,OR
2006  ,433652,OR
2007  ,397327,OR
2008  ,415259,OR
2009  ,416488,OR
2010  ,400978,OR
2011  ,519562,OR
2012  ,500127,OR
2013  ,463760,OR
2014  ,485344,OR
2015  ,438895,OR
2016  ,468313,OR
2017  ,495269,OR
1960  ,2391317,PA
1961  ,2261644,PA
1962  ,2301645,PA
1963  ,2498453,PA
1964  ,2589336,PA
1965  ,2634465,PA
1966  ,2621375,PA
1967  ,2555538,PA
1968  ,2441034,PA
1969  ,2477564,PA
1970  ,2533827,PA
1971  ,2293851,PA
1972  ,2334280,PA
1973  ,2272239,PA
1974  ,2405285,PA
1975  ,2600514,PA
1976  ,2693103,PA
1977  ,2656277,PA
1978  ,2624006,PA
1979  ,2817137,PA
1980  ,2754247,PA
1981  ,2590731,PA
1982  ,2510743,PA
1983  ,2259527,PA
1984  ,2565987,PA
1985  ,2443579,PA
1986  ,2568891,PA
1987  ,2469421,PA
1988  ,2524864,PA
1989  ,2550415,PA
1990  ,2734808,PA
1991  ,2567627,PA
1992  ,2707106,PA
1993  ,2430753,PA
1994  ,2576280,PA
1995  ,2540891,PA
1996  ,2769453,PA
1997  ,2899106,PA
1998  ,3033176,PA
1999  ,3038106,PA
2000  ,2994280,PA
2001  ,2943736,PA
2002  ,2803407,PA
2003  ,2665757,PA
2004  ,2738364,PA
2005  ,2698979,PA
2006  ,2675222,PA
2007  ,2680536,PA
2008  ,2754028,PA
2009  ,2678390,PA
2010  ,3077333,PA
2011  ,3882789,PA
2012  ,4739637,PA
2013  ,5882498,PA
2014  ,7146665,PA
2015  ,7479851,PA
2016  ,7790951,PA
2017  ,8167987,PA
1960  ,2951,RI
1961  ,3011,RI
1962  ,3139,RI
1963  ,3221,RI
1964  ,3533,RI
1965  ,3561,RI
1966  ,3771,RI
1967  ,4150,RI
1968  ,4266,RI
1969  ,4428,RI
1970  ,5268,RI
1971  ,4851,RI
1972  ,4934,RI
1973  ,5108,RI
1974  ,5023,RI
1975  ,4050,RI
1976  ,4704,RI
1977  ,5295,RI
1978  ,6577,RI
1979  ,7124,RI
1980  ,7287,RI
1981  ,6645,RI
1982  ,6053,RI
1983  ,7401,RI
1984  ,4946,RI
1985  ,5081,RI
1986  ,4653,RI
1987  ,3302,RI
1988  ,3528,RI
1989  ,3806,RI
1990  ,4499,RI
1991  ,4585,RI
1992  ,4840,RI
1993  ,5181,RI
1994  ,5066,RI
1995  ,5079,RI
1996  ,5562,RI
1997  ,4347,RI
1998  ,4197,RI
1999  ,4403,RI
2000  ,4520,RI
2001  ,3899,RI
2002  ,3700,RI
2003  ,3787,RI
2004  ,3846,RI
2005  ,879,RI
2006  ,2631,RI
2007  ,2781,RI
2008  ,2947,RI
2009  ,3544,RI
2010  ,3704,RI
2011  ,3653,RI
2012  ,2934,RI
2013  ,2658,RI
2014  ,4381,RI
2015  ,4793,RI
2016  ,4579,RI
2017  ,5816,RI
1960  ,81969,SC
1961  ,76284,SC
1962  ,73455,SC
1963  ,69832,SC
1964  ,88026,SC
1965  ,78226,SC
1966  ,68551,SC
1967  ,66271,SC
1968  ,69381,SC
1969  ,73251,SC
1970  ,65140,SC
1971  ,104730,SC
1972  ,129188,SC
1973  ,151111,SC
1974  ,203301,SC
1975  ,302097,SC
1976  ,280539,SC
1977  ,266529,SC
1978  ,296747,SC
1979  ,289748,SC
1980  ,261030,SC
1981  ,243288,SC
1982  ,214820,SC
1983  ,354360,SC
1984  ,332214,SC
1985  ,404650,SC
1986  ,466664,SC
1987  ,505923,SC
1988  ,514420,SC
1989  ,528627,SC
1990  ,559868,SC
1991  ,559611,SC
1992  ,587462,SC
1993  ,595393,SC
1994  ,579392,SC
1995  ,641366,SC
1996  ,589421,SC
1997  ,603327,SC
1998  ,641492,SC
1999  ,627968,SC
2000  ,623170,SC
2001  ,591367,SC
2002  ,637467,SC
2003  ,629249,SC
2004  ,631351,SC
2005  ,658748,SC
2006  ,628681,SC
2007  ,653011,SC
2008  ,633034,SC
2009  ,648429,SC
2010  ,658668,SC
2011  ,669927,SC
2012  ,653981,SC
2013  ,700845,SC
2014  ,684946,SC
2015  ,684199,SC
2016  ,714938,SC
2017  ,698601,SC
1960  ,15866,SD
1961  ,15196,SD
1962  ,18232,SD
1963  ,33031,SD
1964  ,35078,SD
1965  ,42866,SD
1966  ,53056,SD
1967  ,54570,SD
1968  ,60912,SD
1969  ,68335,SD
1970  ,71113,SD
1971  ,83910,SD
1972  ,79609,SD
1973  ,53129,SD
1974  ,63259,SD
1975  ,86697,SD
1976  ,77423,SD
1977  ,60799,SD
1978  ,77846,SD
1979  ,73636,SD
1980  ,69403,SD
1981  ,65375,SD
1982  ,69312,SD
1983  ,70236,SD
1984  ,73511,SD
1985  ,71685,SD
1986  ,75446,SD
1987  ,72713,SD
1988  ,73093,SD
1989  ,66136,SD
1990  ,54866,SD
1991  ,54098,SD
1992  ,51570,SD
1993  ,40263,SD
1994  ,66965,SD
1995  ,75271,SD
1996  ,95485,SD
1997  ,105290,SD
1998  ,71472,SD
1999  ,80564,SD
2000  ,71314,SD
2001  ,49691,SD
2002  ,63264,SD
2003  ,75918,SD
2004  ,92723,SD
2005  ,102808,SD
2006  ,123693,SD
2007  ,126148,SD
2008  ,155819,SD
2009  ,191129,SD
2010  ,225843,SD
2011  ,248740,SD
2012  ,243495,SD
2013  ,237003,SD
2014  ,249109,SD
2015  ,227753,SD
2016  ,235002,SD
2017  ,233549,SD
1960  ,287803,TN
1961  ,283981,TN
1962  ,301330,TN
1963  ,280926,TN
1964  ,292122,TN
1965  ,285439,TN
1966  ,287103,TN
1967  ,318963,TN
1968  ,336718,TN
1969  ,335115,TN
1970  ,347124,TN
1971  ,388305,TN
1972  ,457040,TN
1973  ,376109,TN
1974  ,359687,TN
1975  ,371050,TN
1976  ,385042,TN
1977  ,402678,TN
1978  ,403661,TN
1979  ,421332,TN
1980  ,410631,TN
1981  ,453710,TN
1982  ,489846,TN
1983  ,519810,TN
1984  ,533095,TN
1985  ,464327,TN
1986  ,334524,TN
1987  ,341748,TN
1988  ,359942,TN
1989  ,538388,TN
1990  ,475365,TN
1991  ,467007,TN
1992  ,426799,TN
1993  ,269548,TN
1994  ,391608,TN
1995  ,416393,TN
1996  ,512947,TN
1997  ,509140,TN
1998  ,529550,TN
1999  ,498129,TN
2000  ,464215,TN
2001  ,529706,TN
2002  ,526517,TN
2003  ,511002,TN
2004  ,561169,TN
2005  ,543466,TN
2006  ,476872,TN
2007  ,489762,TN
2008  ,482366,TN
2009  ,518587,TN
2010  ,510872,TN
2011  ,512267,TN
2012  ,473290,TN
2013  ,551101,TN
2014  ,505253,TN
2015  ,480084,TN
2016  ,491232,TN
2017  ,525284,TN
1960  ,12058639,TX
1961  ,12208006,TX
1962  ,12357635,TX
1963  ,12693749,TX
1964  ,13123816,TX
1965  ,13319750,TX
1966  ,13954680,TX
1967  ,14492080,TX
1968  ,14918671,TX
1969  ,15411603,TX
1970  ,16540958,TX
1971  ,16610783,TX
1972  ,17208895,TX
1973  ,17050819,TX
1974  ,16502656,TX
1975  ,15583828,TX
1976  ,15124174,TX
1977  ,14716565,TX
1978  ,13652863,TX
1979  ,13741121,TX
1980  ,13294899,TX
1981  ,12864237,TX
1982  ,12176971,TX
1983  ,11524121,TX
1984  ,11822952,TX
1985  ,11748188,TX
1986  ,11381901,TX
1987  ,10842369,TX
1988  ,10860430,TX
1989  ,10536806,TX
1990  ,10578173,TX
1991  ,10605768,TX
1992  ,10460686,TX
1993  ,10248337,TX
1994  ,10325858,TX
1995  ,10230734,TX
1996  ,10245577,TX
1997  ,10197964,TX
1998  ,10122789,TX
1999  ,9523222,TX
2000  ,9681342,TX
2001  ,9506522,TX
2002  ,9272256,TX
2003  ,9284751,TX
2004  ,9157192,TX
2005  ,9383076,TX
2006  ,9701985,TX
2007  ,10296092,TX
2008  ,11305593,TX
2009  ,11072953,TX
2010  ,11387664,TX
2011  ,12546132,TX
2012  ,14159990,TX
2013  ,15645926,TX
2014  ,17599803,TX
2015  ,18029185,TX
2016  ,16962933,TX
2017  ,17573176,TX
1960  ,389460,UT
1961  ,373476,UT
1962  ,360025,UT
1963  ,377951,UT
1964  ,365612,UT
1965  ,345660,UT
1966  ,326932,UT
1967  ,298528,UT
1968  ,295337,UT
1969  ,303769,UT
1970  ,298117,UT
1971  ,304203,UT
1972  ,324339,UT
1973  ,385688,UT
1974  ,438672,UT
1975  ,484778,UT
1976  ,454933,UT
1977  ,468250,UT
1978  ,466837,UT
1979  ,519515,UT
1980  ,571901,UT
1981  ,590916,UT
1982  ,640547,UT
1983  ,540203,UT
1984  ,596237,UT
1985  ,653198,UT
1986  ,686226,UT
1987  ,721568,UT
1988  ,769564,UT
1989  ,797646,UT
1990  ,871023,UT
1991  ,842309,UT
1992  ,841376,UT
1993  ,913668,UT
1994  ,1011997,UT
1995  ,996764,UT
1996  ,1048232,UT
1997  ,1043496,UT
1998  ,1040063,UT
1999  ,1029156,UT
2000  ,1038644,UT
2001  ,1055885,UT
2002  ,972651,UT
2003  ,911961,UT
2004  ,884095,UT
2005  ,986011,UT
2006  ,1082599,UT
2007  ,1080742,UT
2008  ,1169635,UT
2009  ,1126819,UT
2010  ,1072383,UT
2011  ,1127448,UT
2012  ,1117033,UT
2013  ,1122069,UT
2014  ,1171087,UT
2015  ,1022742,UT
2016  ,923634,UT
2017  ,913101,UT
1960  ,17339,VT
1961  ,15369,VT
1962  ,15682,VT
1963  ,13995,VT
1964  ,13500,VT
1965  ,14396,VT
1966  ,15557,VT
1967  ,15167,VT
1968  ,15086,VT
1969  ,16109,VT
1970  ,14717,VT
1971  ,14594,VT
1972  ,17783,VT
1973  ,34570,VT
1974  ,43842,VT
1975  ,55580,VT
1976  ,55339,VT
1977  ,57470,VT
1978  ,55961,VT
1979  ,59861,VT
1980  ,55378,VT
1981  ,64187,VT
1982  ,68888,VT
1983  ,57852,VT
1984  ,62206,VT
1985  ,58749,VT
1986  ,45647,VT
1987  ,60059,VT
1988  ,65319,VT
1989  ,58189,VT
1990  ,57751,VT
1991  ,60381,VT
1992  ,55119,VT
1993  ,53659,VT
1994  ,64174,VT
1995  ,59708,VT
1996  ,61766,VT
1997  ,64725,VT
1998  ,55515,VT
1999  ,63218,VT
2000  ,68821,VT
2001  ,60900,VT
2002  ,64091,VT
2003  ,70371,VT
2004  ,62271,VT
2005  ,66815,VT
2006  ,80881,VT
2007  ,67990,VT
2008  ,78193,VT
2009  ,87639,VT
2010  ,82406,VT
2011  ,81906,VT
2012  ,78592,VT
2013  ,83953,VT
2014  ,85760,VT
2015  ,38784,VT
2016  ,35725,VT
2017  ,38044,VT
1960  ,824357,VA
1961  ,887666,VA
1962  ,864865,VA
1963  ,890108,VA
1964  ,920711,VA
1965  ,987837,VA
1966  ,1030130,VA
1967  ,1058430,VA
1968  ,1066326,VA
1969  ,1031540,VA
1970  ,1025855,VA
1971  ,907281,VA
1972  ,1008832,VA
1973  ,1016281,VA
1974  ,1001866,VA
1975  ,1059319,VA
1976  ,1189016,VA
1977  ,1132028,VA
1978  ,1052520,VA
1979  ,1141733,VA
1980  ,1281987,VA
1981  ,1389484,VA
1982  ,1342331,VA
1983  ,1237990,VA
1984  ,1376564,VA
1985  ,1453516,VA
1986  ,1430255,VA
1987  ,1489365,VA
1988  ,1564786,VA
1989  ,1421430,VA
1990  ,1648621,VA
1991  ,1503983,VA
1992  ,1540031,VA
1993  ,1443699,VA
1994  ,1428205,VA
1995  ,1355517,VA
1996  ,1415647,VA
1997  ,1425090,VA
1998  ,1374506,VA
1999  ,1345658,VA
2000  ,1353571,VA
2001  ,1299958,VA
2002  ,1235676,VA
2003  ,1339693,VA
2004  ,1312038,VA
2005  ,1227039,VA
2006  ,1281790,VA
2007  ,1175202,VA
2008  ,1166053,VA
2009  ,1091443,VA
2010  ,1104038,VA
2011  ,1090054,VA
2012  ,1047939,VA
2013  ,1025618,VA
2014  ,985619,VA
2015  ,931847,VA
2016  ,912956,VA
2017  ,923201,VA
1960  ,431849,WA
1961  ,458873,WA
1962  ,480508,WA
1963  ,517358,WA
1964  ,558451,WA
1965  ,582426,WA
1966  ,629703,WA
1967  ,702293,WA
1968  ,783235,WA
1969  ,814247,WA
1970  ,825416,WA
1971  ,863413,WA
1972  ,928962,WA
1973  ,884538,WA
1974  ,1033339,WA
1975  ,1032431,WA
1976  ,1144321,WA
1977  ,901856,WA
1978  ,1123772,WA
1979  ,1022098,WA
1980  ,1057170,WA
1981  ,1172097,WA
1982  ,1115936,WA
1983  ,1106258,WA
1984  ,1102341,WA
1985  ,1074995,WA
1986  ,1107104,WA
1987  ,980603,WA
1988  ,983317,WA
1989  ,1002024,WA
1990  ,1146162,WA
1991  ,1134146,WA
1992  ,945935,WA
1993  ,941503,WA
1994  ,921648,WA
1995  ,1093387,WA
1996  ,1239919,WA
1997  ,1295763,WA
1998  ,1047355,WA
1999  ,1209409,WA
2000  ,1065124,WA
2001  ,817353,WA
2002  ,1073718,WA
2003  ,1006268,WA
2004  ,1001254,WA
2005  ,976432,WA
2006  ,1065862,WA
2007  ,968204,WA
2008  ,976130,WA
2009  ,901434,WA
2010  ,917839,WA
2011  ,1109138,WA
2012  ,1114676,WA
2013  ,1010368,WA
2014  ,1034308,WA
2015  ,950423,WA
2016  ,1023267,WA
2017  ,1027460,WA
1960  ,3237173,WV
1961  ,3091618,WV
1962  ,3227964,WV
1963  ,3576962,WV
1964  ,3797359,WV
1965  ,3998878,WV
1966  ,4014816,WV
1967  ,4117089,WV
1968  ,3945737,WV
1969  ,3829279,WV
1970  ,3957243,WV
1971  ,3289049,WV
1972  ,3404368,WV
1973  ,3239496,WV
1974  ,2867988,WV
1975  ,2980325,WV
1976  ,2980217,WV
1977  ,2633238,WV
1978  ,2354997,WV
1979  ,3106159,WV
1980  ,3325735,WV
1981  ,3159567,WV
1982  ,3558750,WV
1983  ,3195062,WV
1984  ,3625025,WV
1985  ,3555894,WV
1986  ,3600706,WV
1987  ,3792112,WV
1988  ,4051030,WV
1989  ,4242353,WV
1990  ,4686846,WV
1991  ,4648097,WV
1992  ,4489890,WV
1993  ,3612655,WV
1994  ,4445565,WV
1995  ,4456954,WV
1996  ,4614515,WV
1997  ,4684923,WV
1998  ,4639865,WV
1999  ,4241685,WV
2000  ,4338635,WV
2001  ,4329720,WV
2002  ,4047229,WV
2003  ,3765398,WV
2004  ,3976804,WV
2005  ,4136737,WV
2006  ,4106187,WV
2007  ,4155536,WV
2008  ,4189090,WV
2009  ,3734155,WV
2010  ,3703823,WV
2011  ,3823330,WV
2012  ,3721479,WV
2013  ,3803176,WV
2014  ,4214048,WV
2015  ,4113828,WV
2016  ,3791884,WV
2017  ,4418080,WV
1960  ,64968,WI
1961  ,60619,WI
1962  ,61695,WI
1963  ,55114,WI
1964  ,54980,WI
1965  ,61690,WI
1966  ,60892,WI
1967  ,61003,WI
1968  ,65830,WI
1969  ,62804,WI
1970  ,60038,WI
1971  ,99388,WI
1972  ,101193,WI
1973  ,132712,WI
1974  ,157765,WI
1975  ,179422,WI
1976  ,188020,WI
1977  ,192382,WI
1978  ,218985,WI
1979  ,206051,WI
1980  ,295424,WI
1981  ,303842,WI
1982  ,309127,WI
1983  ,319059,WI
1984  ,331981,WI
1985  ,334387,WI
1986  ,280195,WI
1987  ,270951,WI
1988  ,278706,WI
1989  ,238459,WI
1990  ,221357,WI
1991  ,223493,WI
1992  ,226270,WI
1993  ,225024,WI
1994  ,227126,WI
1995  ,226815,WI
1996  ,230164,WI
1997  ,164284,WI
1998  ,206741,WI
1999  ,234332,WI
2000  ,233384,WI
2001  ,242017,WI
2002  ,231538,WI
2003  ,242769,WI
2004  ,232712,WI
2005  ,248416,WI
2006  ,272282,WI
2007  ,283922,WI
2008  ,303549,WI
2009  ,303441,WI
2010  ,346637,WI
2011  ,326593,WI
2012  ,344945,WI
2013  ,325262,WI
2014  ,312211,WI
2015  ,320375,WI
2016  ,322270,WI
2017  ,316219,WI
1960  ,1018229,WY
1961  ,1087917,WY
1962  ,1068029,WY
1963  ,1130652,WY
1964  ,1123419,WY
1965  ,1127065,WY
1966  ,1120427,WY
1967  ,1124612,WY
1968  ,1185934,WY
1969  ,1322895,WY
1970  ,1437083,WY
1971  ,1427777,WY
1972  ,1430515,WY
1973  ,1507285,WY
1974  ,1566653,WY
1975  ,1556530,WY
1976  ,1693022,WY
1977  ,1969343,WY
1978  ,2202890,WY
1979  ,2468902,WY
1980  ,2898594,WY
1981  ,3039593,WY
1982  ,3040723,WY
1983  ,3162298,WY
1984  ,3598162,WY
1985  ,3688366,WY
1986  ,3552797,WY
1987  ,3787108,WY
1988  ,4109892,WY
1989  ,4360348,WY
1990  ,4663386,WY
1991  ,4823659,WY
1992  ,4815970,WY
1993  ,4871978,WY
1994  ,5356492,WY
1995  ,5795313,WY
1996  ,6037209,WY
1997  ,6171318,WY
1998  ,6874447,WY
1999  ,7303724,WY
2000  ,7491338,WY
2001  ,8294511,WY
2002  ,8443561,WY
2003  ,8585257,WY
2004  ,8996981,WY
2005  ,9151117,WY
2006  ,10057248,WY
2007  ,10411137,WY
2008  ,10879840,WY
2009  ,10328914,WY
2010  ,10528482,WY
2011  ,10344010,WY
2012  ,9603931,WY
2013  ,9232414,WY
2014  ,9358077,WY
2015  ,9080265,WY
2016  ,7517819,WY
2017  ,7788434,WY
